{"cameraMode":{"drawMode":0,"name":"Shaded","section":"Shading Mode"},"sceneLighting":false,"audioPlay":false,"sceneViewState":{"showFog":true,"showMaterialUpdate":false,"showSkybox":false,"showFlares":true,"showImageEffects":true,"showParticleSystems":true},"in2DMode":false,"pivot":{"x":66.79032135009766,"y":-1.0938856601715088,"z":-57.95146179199219},"rotation":{"x":-0.6700796484947205,"y":-0.035161688923835757,"z":0.0317656546831131,"w":-0.7408081293106079},"size":26.836801528930665,"orthographic":false}