{"cameraMode":{"drawMode":0,"name":"Shaded","section":"Shading Mode"},"sceneLighting":false,"audioPlay":false,"sceneViewState":{"showFog":true,"showMaterialUpdate":false,"showSkybox":false,"showFlares":true,"showImageEffects":true,"showParticleSystems":true},"in2DMode":false,"pivot":{"x":6.490781307220459,"y":-6.303276062011719,"z":3.451930284500122},"rotation":{"x":-0.6625099182128906,"y":-0.05223899707198143,"z":0.046364832669496539,"w":-0.7458223104476929},"size":28.381288528442384,"orthographic":false}