{"cameraMode":{"drawMode":0,"name":"Shaded","section":"Shading Mode"},"sceneLighting":false,"audioPlay":false,"sceneViewState":{"showFog":true,"showMaterialUpdate":false,"showSkybox":false,"showFlares":true,"showImageEffects":true,"showParticleSystems":true},"in2DMode":false,"pivot":{"x":-29.55380630493164,"y":-15.239381790161133,"z":4.639580726623535},"rotation":{"x":-0.6374048590660095,"y":-0.05604209005832672,"z":0.046528276056051257,"w":-0.7671106457710266},"size":26.8367977142334,"orthographic":false}