{"cameraMode":{"drawMode":0,"name":"Shaded","section":"Shading Mode"},"sceneLighting":false,"audioPlay":false,"sceneViewState":{"showFog":true,"showMaterialUpdate":false,"showSkybox":true,"showFlares":true,"showImageEffects":true,"showParticleSystems":true},"in2DMode":false,"pivot":{"x":-1.329887866973877,"y":1.4662977457046509,"z":0.0864877700805664},"rotation":{"x":-0.498060405254364,"y":-0.041089653968811038,"z":0.023634353652596475,"w":-0.8658458590507507},"size":76.43701171875,"orthographic":false}